Coin,Strategy,Return,MDD,WinRate
XRP,EMA Scalping,-0.12275296594343987,-0.146717842872051,0.4590340664079344
XRP,RSI Trend Following,-0.157201692725064,-0.17007865127807864,0.4540229885057471
XRP,Funding Fee Farming,0.010094548109697676,-0.050868008932747864,0.47521551724137934
HBAR,EMA Scalping,-0.11224108206826866,-0.12071897422359207,0.3690913015324844
HBAR,RSI Trend Following,-0.15594029732311998,-0.18734349569080802,0.3675603217158177
HBAR,Funding Fee Farming,-0.10296853538519757,-0.12131352625157664,0.37022653721682847
XLM,EMA Scalping,-0.0994015680097986,-0.14151201280246462,0.42311910506690065
XLM,RSI Trend Following,-0.12316972476664645,-0.15836734073153938,0.4215297450424929
XLM,Funding Fee Farming,0.009723219898546187,-0.06930633993991585,0.4367463275597457
